<?xml version="1.0" encoding="ASCII"?>
<!DOCTYPE nm:output SYSTEM "output.dtd">
<nm:output
xmlns:xsi="http://www.w3.org/2001/XMLSchema-instance"
xsi:schemaLocation="http://namespaces.oreilly.com/xmlnut/address output.xsd"
xmlns:nm="http://namespaces.oreilly.com/xmlnut/address"
>
<nm:start_datetime>2021-06-02T10:29:39.789</nm:start_datetime>
<nm:control_stream><![CDATA[
$PROBLEM CARBOPLATIN ADULTE 188
$INPUT ID TIME EVID AMT CMT RATE MDV DV BSA S2_SAMPLING
$DATA data_to_fit901.csv IGNORE=@
$SUBROUTINES ADVAN3 TRANS4

$PK
iETA1 = 0
iETA2 = 0
iETA3 = 0
TVCL   = THETA(1)
TVV1   = THETA(2)
TVV2   = THETA(3)
TVQ    = THETA(4)

ETCL   = ETA(1) + iETA1
ETV1   = ETA(2) + iETA2
ETV2   = ETA(3) + iETA3

CL     = TVCL  * EXP(ETCL)
V1     = TVV1  * EXP(ETV1) * BSA
V2     = TVV2  * EXP(ETV2)
Q      = TVQ

S1 = V1

$ERROR
IPRED=F
W= F
Y = F + W * EPS(1)
IRES=DV-IPRED
IWRES=IRES/(W+0.001)

$THETA
(6.38) FIX ; 1  CL
(9.50) FIX ; 2  V1
(9.56) FIX ; 3  V2
(2.70) FIX ; 4  Q

$OMEGA
0.1050 FIX ; 1 CL
0.0378 FIX ; 2 V1
0.0260 FIX ; 3 V2

$SIGMA
0.0381 FIX ; ERR.PROP

$EST METHOD=1 INTER NOABORT MAXEVAL=0 FORMAT= s1PE16.8E3
$COV UNCONDITIONAL


$TABLE ID TIME EVID AMT CMT RATE MDV DV BSA S2_SAMPLING PRED IPRED NOPRINT NOAPPEND ONEHEADER FORMAT=s1PE16.8E3 FILE=run901.tab
]]></nm:control_stream>
<nm:nmtran><![CDATA[

 WARNINGS AND ERRORS (IF ANY) FOR PROBLEM    1

 (WARNING  2) NM-TRAN INFERS THAT THE DATA ARE POPULATION.
]]></nm:nmtran>
<nm:nonmem nm:version='7.4.4'>
<nm:license_information><![CDATA[
License Registered to: Institut Claudius Regaud
Expiration Date:    14 MAY 2022
Current Date:        2 JUN 2021
Days until program expires : 347
]]></nm:license_information>
<nm:program_information><![CDATA[
1NONLINEAR MIXED EFFECTS MODEL PROGRAM (NONMEM) VERSION 7.4.4
 ORIGINALLY DEVELOPED BY STUART BEAL, LEWIS SHEINER, AND ALISON BOECKMANN
 CURRENT DEVELOPERS ARE ROBERT BAUER, ICON DEVELOPMENT SOLUTIONS,
 AND ALISON BOECKMANN. IMPLEMENTATION, EFFICIENCY, AND STANDARDIZATION
 PERFORMED BY NOUS INFOSYSTEMS.
]]></nm:program_information>
<nm:theta_lb>
<nm:val nm:name='1'>6.3799999999999999</nm:val>
<nm:val nm:name='2'>9.5000000000000000</nm:val>
<nm:val nm:name='3'>9.5600000000000005</nm:val>
<nm:val nm:name='4'>2.7000000000000002</nm:val>
</nm:theta_lb>
<nm:theta_in>
<nm:val nm:name='1'>6.3799999999999999</nm:val>
<nm:val nm:name='2'>9.5000000000000000</nm:val>
<nm:val nm:name='3'>9.5600000000000005</nm:val>
<nm:val nm:name='4'>2.7000000000000002</nm:val>
</nm:theta_in>
<nm:theta_ub>
<nm:val nm:name='1'>6.3799999999999999</nm:val>
<nm:val nm:name='2'>9.5000000000000000</nm:val>
<nm:val nm:name='3'>9.5600000000000005</nm:val>
<nm:val nm:name='4'>2.7000000000000002</nm:val>
</nm:theta_ub>
<nm:problem nm:number='1' nm:subproblem='0' nm:superproblem1='0' nm:iteration1='0' nm:superproblem2='0' nm:iteration2='0'>
<nm:problem_title>CARBOPLATIN ADULTE 188</nm:problem_title>
<nm:problem_information><![CDATA[

 PROBLEM NO.:         1
 CARBOPLATIN ADULTE 188
0DATA CHECKOUT RUN:              NO
 DATA SET LOCATED ON UNIT NO.:    2
 THIS UNIT TO BE REWOUND:        NO
 NO. OF DATA RECS IN DATA SET:     4000
 NO. OF DATA ITEMS IN DATA SET:  10
 ID DATA ITEM IS DATA ITEM NO.:   1
 DEP VARIABLE IS DATA ITEM NO.:   8
 MDV DATA ITEM IS DATA ITEM NO.:  7
0INDICES PASSED TO SUBROUTINE PRED:
   3   2   4   6   0   0   5   0   0   0   0
0LABELS FOR DATA ITEMS:
 ID TIME EVID AMT CMT RATE MDV DV BSA S2_SAMPLING
0(NONBLANK) LABELS FOR PRED-DEFINED ITEMS:
 IPRED
0FORMAT FOR DATA:
 (2E5.0,E2.0,E5.0,E2.0,E5.0,E2.0,E19.0,E5.0,E2.0)

 TOT. NO. OF OBS RECS:     3000
 TOT. NO. OF INDIVIDUALS:     1000
0LENGTH OF THETA:   4
0DEFAULT THETA BOUNDARY TEST OMITTED:    NO
0OMEGA HAS SIMPLE DIAGONAL FORM WITH DIMENSION:   3
0DEFAULT OMEGA BOUNDARY TEST OMITTED:    NO
0SIGMA HAS SIMPLE DIAGONAL FORM WITH DIMENSION:   1
0DEFAULT SIGMA BOUNDARY TEST OMITTED:    NO
0INITIAL ESTIMATE OF THETA:
 LOWER BOUND    INITIAL EST    UPPER BOUND
  0.6380E+01     0.6380E+01     0.6380E+01
  0.9500E+01     0.9500E+01     0.9500E+01
  0.9560E+01     0.9560E+01     0.9560E+01
  0.2700E+01     0.2700E+01     0.2700E+01
0INITIAL ESTIMATE OF OMEGA:
 0.1050E+00
 0.0000E+00   0.3780E-01
 0.0000E+00   0.0000E+00   0.2600E-01
0OMEGA CONSTRAINED TO BE THIS INITIAL ESTIMATE
0INITIAL ESTIMATE OF SIGMA:
 0.3810E-01
0SIGMA CONSTRAINED TO BE THIS INITIAL ESTIMATE
0COVARIANCE STEP OMITTED:        NO
 EIGENVLS. PRINTED:              NO
 SPECIAL COMPUTATION:            NO
 COMPRESSED FORMAT:              NO
 GRADIENT METHOD USED:     NOSLOW
 SIGDIGITS ETAHAT (SIGLO):                  -1
 SIGDIGITS GRADIENTS (SIGL):                -1
 EXCLUDE COV FOR FOCE (NOFCOV):              NO
 TURN OFF Cholesky Transposition of R Matrix (CHOLROFF): NO
 KNUTHSUMOFF:                                -1
 RESUME COV ANALYSIS (RESUME):               NO
 SIR SAMPLE SIZE (SIRSAMPLE):              -1
 NON-LINEARLY TRANSFORM THETAS DURING COV (THBND): 1
 PRECONDTIONING CYCLES (PRECOND):        0
 PRECONDTIONING TYPES (PRECONDS):        TOS
 FORCED PRECONDTIONING CYCLES (PFCOND):0
 PRECONDTIONING TYPE (PRETYPE):        0
 FORCED POS. DEFINITE SETTING: (FPOSDEF):0
0TABLES STEP OMITTED:    NO
 NO. OF TABLES:           1
 SEED NUMBER (SEED):    11456
 RANMETHOD:             3U
 MC SAMPLES (ESAMPLE):    300
 WRES SQUARE ROOT TYPE (WRESCHOL): EIGENVALUE
0-- TABLE   1 --
0RECORDS ONLY:    ALL
04 COLUMNS APPENDED:    NO
 PRINTED:                NO
 HEADERS:               ONE
 FILE TO BE FORWARDED:   NO
 FORMAT:                s1PE16.8E3
 LFORMAT:
 RFORMAT:
 FIXED_EFFECT_ETAS:
0USER-CHOSEN ITEMS:
 ID TIME EVID AMT CMT RATE MDV DV BSA S2_SAMPLING PRED IPRED
1DOUBLE PRECISION PREDPP VERSION 7.4.4

 TWO COMPARTMENT MODEL (ADVAN3)
0MAXIMUM NO. OF BASIC PK PARAMETERS:   4
0BASIC PK PARAMETERS (AFTER TRANSLATION):
   BASIC PK PARAMETER NO.  1: ELIMINATION RATE (K)
   BASIC PK PARAMETER NO.  2: CENTRAL-TO-PERIPH. RATE (K12)
   BASIC PK PARAMETER NO.  3: PERIPH.-TO-CENTRAL RATE (K21)
 TRANSLATOR WILL CONVERT PARAMETERS
 CL, V1, Q, V2 TO K, K12, K21 (TRANS4)
0COMPARTMENT ATTRIBUTES
 COMPT. NO.   FUNCTION   INITIAL    ON/OFF      DOSE      DEFAULT    DEFAULT
                         STATUS     ALLOWED    ALLOWED    FOR DOSE   FOR OBS.
    1         CENTRAL      ON         NO         YES        YES        YES
    2         PERIPH.      ON         NO         YES        NO         NO
    3         OUTPUT       OFF        YES        NO         NO         NO
1
 ADDITIONAL PK PARAMETERS - ASSIGNMENT OF ROWS IN GG
 COMPT. NO.                             INDICES
              SCALE      BIOAVAIL.   ZERO-ORDER  ZERO-ORDER  ABSORB
                         FRACTION    RATE        DURATION    LAG
    1            5           *           *           *           *
    2            *           *           *           *           *
    3            *           -           -           -           -
             - PARAMETER IS NOT ALLOWED FOR THIS MODEL
             * PARAMETER IS NOT SUPPLIED BY PK SUBROUTINE;
               WILL DEFAULT TO ONE IF APPLICABLE
0DATA ITEM INDICES USED BY PRED ARE:
   EVENT ID DATA ITEM IS DATA ITEM NO.:      3
   TIME DATA ITEM IS DATA ITEM NO.:          2
   DOSE AMOUNT DATA ITEM IS DATA ITEM NO.:   4
   DOSE RATE DATA ITEM IS DATA ITEM NO.:     6
   COMPT. NO. DATA ITEM IS DATA ITEM NO.:    5

0PK SUBROUTINE CALLED WITH EVERY EVENT RECORD.
 PK SUBROUTINE NOT CALLED AT NONEVENT (ADDITIONAL OR LAGGED) DOSE TIMES.
0ERROR SUBROUTINE CALLED WITH EVERY EVENT RECORD.
]]></nm:problem_information>
<nm:problem_options
 nm:data_checkout_run='no' nm:data_unit='2' nm:data_rewind='no' nm:data_nrec='4000' nm:data_nitems='10' nm:data_id='1'
 nm:data_l2='0' nm:data_dv='8' nm:data_mdv='7' nm:data_mrg='0' nm:data_raw='0' nm:data_rpt='0' nm:data_sub_array1='0'
 nm:data_sub_array2='0' nm:data_sub_array3='0' nm:data_pred_indices='3,2,4,6,0,0,5,0,0,0,0'
 nm:data_format='(2e5.0,e2.0,e5.0,e2.0,e5.0,e2.0,e19.0,e5.0,e2.0)' nm:data_nobs='3000' nm:data_nind='1000'
 nm:data_mdv100='0' nm:nthetat='4' nm:theta_bound_test_omitted='no' nm:omega_diagdim='3'
 nm:omega_bound_test_omitted='no' nm:sigma_diagdim='1' nm:sigma_bound_test_omitted='no' nm:cov_omitted='no'
 nm:cov_matrix='rsr' nm:cov_eigen_print='no' nm:cov_special='no' nm:cov_compressed='no'
 nm:cov_slow_gradient='noslow' nm:cov_siglocov='-1' nm:cov_siglcov='-1' nm:cov_tol='-1' nm:cov_atol='-1'
 nm:cov_nofcov='no' nm:cov_cholroff='no' nm:cov_knuthsumoff='-1' nm:cov_resume='no' nm:cov_sirsample='-1'
 nm:cov_thbnd='1' nm:cov_precond='0' nm:cov_preconds='tos' nm:cov_pfcond='0' nm:cov_pretype='0' nm:cov_fposdef='0'
 nm:tab_omitted='no' nm:tab_number='1' nm:tab_seed='11456' nm:tab_ranmethod='3u' nm:tab_esample='300'
 nm:tab_wres='eigenvalue' nm:tab_fixedetas_01='BLANK' nm:pred_advan='3' nm:pred_evid='3' nm:pred_time='2'
 nm:pred_amt='4' nm:pred_rate='6' nm:pred_cmt='5'
/>
<nm:estimation nm:number='1' nm:type='1'>
<nm:table_series>1</nm:table_series>
<nm:estimation_method>focei</nm:estimation_method>
<nm:estimation_title>First Order Conditional Estimation with Interaction (Evaluation)</nm:estimation_title>
<nm:estimation_information><![CDATA[
 ESTIMATION STEP OMITTED:                 YES
 ANALYSIS TYPE:                           POPULATION
 CONDITIONAL ESTIMATES USED:              YES
 CENTERED ETA:                            NO
 EPS-ETA INTERACTION:                     YES
 LAPLACIAN OBJ. FUNC.:                    NO
 NUMERICAL DERIVATIVE
       FILE REQUEST (NUMDER):               NONE
 MAP (ETAHAT) ESTIMATION METHOD (OPTMAP):   0
 ETA HESSIAN EVALUATION METHOD (ETADER):    0
 INITIAL ETA FOR MAP ESTIMATION (MCETA):    0
 SIGDIGITS FOR MAP ESTIMATION (SIGLO):      100
 GRADIENT SIGDIGITS OF
       FIXED EFFECTS PARAMETERS (SIGL):     100
 NOPRIOR SETTING (NOPRIOR):                 OFF
 NOCOV SETTING (NOCOV):                     OFF
 DERCONT SETTING (DERCONT):                 OFF
 FINAL ETA RE-EVALUATION (FNLETA):          ON
 EXCLUDE NON-INFLUENTIAL (NON-INFL.) ETAS
       IN SHRINKAGE (ETASTYPE):             NO
 NON-INFL. ETA CORRECTION (NONINFETA):      OFF
 RAW OUTPUT FILE (FILE): run901.ext
 EXCLUDE TITLE (NOTITLE):                   NO
 EXCLUDE COLUMN LABELS (NOLABEL):           NO
 FORMAT FOR ADDITIONAL FILES (FORMAT):       1PE16.8E3
 PARAMETER ORDER FOR OUTPUTS (ORDER):       TSOL
 WISHART PRIOR DF INTERPRETATION (WISHTYPE):0
 KNUTHSUMOFF:                               0
 INCLUDE LNTWOPI:                           NO
 INCLUDE CONSTANT TERM TO PRIOR (PRIORC):   NO
 INCLUDE CONSTANT TERM TO OMEGA (ETA) (OLNTWOPI):NO
 ADDITIONAL CONVERGENCE TEST (CTYPE=4)?:    NO
 EM OR BAYESIAN METHOD USED:                 NONE

]]></nm:estimation_information>
<nm:estimation_options
 nm:estim_omitted='yes' nm:analysis_type='pop' nm:cond_estim='yes' nm:centered_eta='no' nm:epseta_interaction='yes'
 nm:laplace='no' nm:predflag='0' nm:numder='0' nm:optmap='0' nm:etader='0' nm:mceta='0' nm:siglo='100' nm:sigl='100'
 nm:noprior='0' nm:nocov='0' nm:dercont='0' nm:atol='0' nm:fnleta='1' nm:etastype='0' nm:noninfeta='0' nm:file='run901.ext'
 nm:notitle='0' nm:nolabel='0' nm:format='1pe16.8e3' nm:order='tsol' nm:wishtype='0' nm:knuthsumoff='0' nm:lntwopi='0'
 nm:priorc='0' nm:olntwopi='0' nm:ctype='0'
/>
<nm:estimation_elapsed_time>0.23</nm:estimation_elapsed_time>
<nm:covariance_information><![CDATA[
]]></nm:covariance_information>
<nm:covariance_status nm:error='0' nm:numnegeigenvalues='-1' nm:mineigenvalue='0.0000000000000000' nm:maxeigenvalue='0.0000000000000000' nm:rms='0.0000000000000000'/>
<nm:covariance_elapsed_time>0.06</nm:covariance_elapsed_time>
<nm:final_objective_function_text>MINIMUM VALUE OF OBJECTIVE FUNCTION</nm:final_objective_function_text>
<nm:final_objective_function>11890.845371294479</nm:final_objective_function>
<nm:theta>
<nm:val nm:name='1'>6.3799999999999999</nm:val>
<nm:val nm:name='2'>9.5000000000000000</nm:val>
<nm:val nm:name='3'>9.5600000000000005</nm:val>
<nm:val nm:name='4'>2.7000000000000002</nm:val>
</nm:theta>
<nm:omega>
<nm:row nm:rname='1'>
<nm:col nm:cname='1'>0.10500000000000000</nm:col>
</nm:row>
<nm:row nm:rname='2'>
<nm:col nm:cname='1'>0.0000000000000000</nm:col>
<nm:col nm:cname='2'>3.78000000000000003E-002</nm:col>
</nm:row>
<nm:row nm:rname='3'>
<nm:col nm:cname='1'>0.0000000000000000</nm:col>
<nm:col nm:cname='2'>0.0000000000000000</nm:col>
<nm:col nm:cname='3'>2.59999999999999988E-002</nm:col>
</nm:row>
</nm:omega>
<nm:sigma>
<nm:row nm:rname='1'>
<nm:col nm:cname='1'>3.81000000000000019E-002</nm:col>
</nm:row>
</nm:sigma>
<nm:omegac>
<nm:row nm:rname='1'>
<nm:col nm:cname='1'>0.32403703492039299</nm:col>
</nm:row>
<nm:row nm:rname='2'>
<nm:col nm:cname='1'>0.0000000000000000</nm:col>
<nm:col nm:cname='2'>0.19442222095223580</nm:col>
</nm:row>
<nm:row nm:rname='3'>
<nm:col nm:cname='1'>0.0000000000000000</nm:col>
<nm:col nm:cname='2'>0.0000000000000000</nm:col>
<nm:col nm:cname='3'>0.16124515496597100</nm:col>
</nm:row>
</nm:omegac>
<nm:sigmac>
<nm:row nm:rname='1'>
<nm:col nm:cname='1'>0.19519221295943134</nm:col>
</nm:row>
</nm:sigmac>
<nm:thetase>
<nm:val nm:name='1'>10000000000.000000</nm:val>
<nm:val nm:name='2'>10000000000.000000</nm:val>
<nm:val nm:name='3'>10000000000.000000</nm:val>
<nm:val nm:name='4'>10000000000.000000</nm:val>
</nm:thetase>
<nm:omegase>
<nm:row nm:rname='1'>
<nm:col nm:cname='1'>10000000000.000000</nm:col>
</nm:row>
<nm:row nm:rname='2'>
<nm:col nm:cname='1'>10000000000.000000</nm:col>
<nm:col nm:cname='2'>10000000000.000000</nm:col>
</nm:row>
<nm:row nm:rname='3'>
<nm:col nm:cname='1'>10000000000.000000</nm:col>
<nm:col nm:cname='2'>10000000000.000000</nm:col>
<nm:col nm:cname='3'>10000000000.000000</nm:col>
</nm:row>
</nm:omegase>
<nm:sigmase>
<nm:row nm:rname='1'>
<nm:col nm:cname='1'>10000000000.000000</nm:col>
</nm:row>
</nm:sigmase>
<nm:omegacse>
<nm:row nm:rname='1'>
<nm:col nm:cname='1'>10000000000.000000</nm:col>
</nm:row>
<nm:row nm:rname='2'>
<nm:col nm:cname='1'>10000000000.000000</nm:col>
<nm:col nm:cname='2'>10000000000.000000</nm:col>
</nm:row>
<nm:row nm:rname='3'>
<nm:col nm:cname='1'>10000000000.000000</nm:col>
<nm:col nm:cname='2'>10000000000.000000</nm:col>
<nm:col nm:cname='3'>10000000000.000000</nm:col>
</nm:row>
</nm:omegacse>
<nm:sigmacse>
<nm:row nm:rname='1'>
<nm:col nm:cname='1'>10000000000.000000</nm:col>
</nm:row>
</nm:sigmacse>
<nm:covariance>
<nm:row nm:rname='THETA1'>
<nm:col nm:cname='THETA1'>0.0000000000000000</nm:col>
</nm:row>
<nm:row nm:rname='THETA2'>
<nm:col nm:cname='THETA1'>0.0000000000000000</nm:col>
<nm:col nm:cname='THETA2'>0.0000000000000000</nm:col>
</nm:row>
<nm:row nm:rname='THETA3'>
<nm:col nm:cname='THETA1'>0.0000000000000000</nm:col>
<nm:col nm:cname='THETA2'>0.0000000000000000</nm:col>
<nm:col nm:cname='THETA3'>0.0000000000000000</nm:col>
</nm:row>
<nm:row nm:rname='THETA4'>
<nm:col nm:cname='THETA1'>0.0000000000000000</nm:col>
<nm:col nm:cname='THETA2'>0.0000000000000000</nm:col>
<nm:col nm:cname='THETA3'>0.0000000000000000</nm:col>
<nm:col nm:cname='THETA4'>0.0000000000000000</nm:col>
</nm:row>
<nm:row nm:rname='OMEGA(1,1)'>
<nm:col nm:cname='THETA1'>0.0000000000000000</nm:col>
<nm:col nm:cname='THETA2'>0.0000000000000000</nm:col>
<nm:col nm:cname='THETA3'>0.0000000000000000</nm:col>
<nm:col nm:cname='THETA4'>0.0000000000000000</nm:col>
<nm:col nm:cname='OMEGA(1,1)'>0.0000000000000000</nm:col>
</nm:row>
<nm:row nm:rname='OMEGA(1,2)'>
<nm:col nm:cname='THETA1'>0.0000000000000000</nm:col>
<nm:col nm:cname='THETA2'>0.0000000000000000</nm:col>
<nm:col nm:cname='THETA3'>0.0000000000000000</nm:col>
<nm:col nm:cname='THETA4'>0.0000000000000000</nm:col>
<nm:col nm:cname='OMEGA(1,1)'>0.0000000000000000</nm:col>
<nm:col nm:cname='OMEGA(1,2)'>0.0000000000000000</nm:col>
</nm:row>
<nm:row nm:rname='OMEGA(1,3)'>
<nm:col nm:cname='THETA1'>0.0000000000000000</nm:col>
<nm:col nm:cname='THETA2'>0.0000000000000000</nm:col>
<nm:col nm:cname='THETA3'>0.0000000000000000</nm:col>
<nm:col nm:cname='THETA4'>0.0000000000000000</nm:col>
<nm:col nm:cname='OMEGA(1,1)'>0.0000000000000000</nm:col>
<nm:col nm:cname='OMEGA(1,2)'>0.0000000000000000</nm:col>
<nm:col nm:cname='OMEGA(1,3)'>0.0000000000000000</nm:col>
</nm:row>
<nm:row nm:rname='OMEGA(2,2)'>
<nm:col nm:cname='THETA1'>0.0000000000000000</nm:col>
<nm:col nm:cname='THETA2'>0.0000000000000000</nm:col>
<nm:col nm:cname='THETA3'>0.0000000000000000</nm:col>
<nm:col nm:cname='THETA4'>0.0000000000000000</nm:col>
<nm:col nm:cname='OMEGA(1,1)'>0.0000000000000000</nm:col>
<nm:col nm:cname='OMEGA(1,2)'>0.0000000000000000</nm:col>
<nm:col nm:cname='OMEGA(1,3)'>0.0000000000000000</nm:col>
<nm:col nm:cname='OMEGA(2,2)'>0.0000000000000000</nm:col>
</nm:row>
<nm:row nm:rname='OMEGA(2,3)'>
<nm:col nm:cname='THETA1'>0.0000000000000000</nm:col>
<nm:col nm:cname='THETA2'>0.0000000000000000</nm:col>
<nm:col nm:cname='THETA3'>0.0000000000000000</nm:col>
<nm:col nm:cname='THETA4'>0.0000000000000000</nm:col>
<nm:col nm:cname='OMEGA(1,1)'>0.0000000000000000</nm:col>
<nm:col nm:cname='OMEGA(1,2)'>0.0000000000000000</nm:col>
<nm:col nm:cname='OMEGA(1,3)'>0.0000000000000000</nm:col>
<nm:col nm:cname='OMEGA(2,2)'>0.0000000000000000</nm:col>
<nm:col nm:cname='OMEGA(2,3)'>0.0000000000000000</nm:col>
</nm:row>
<nm:row nm:rname='OMEGA(3,3)'>
<nm:col nm:cname='THETA1'>0.0000000000000000</nm:col>
<nm:col nm:cname='THETA2'>0.0000000000000000</nm:col>
<nm:col nm:cname='THETA3'>0.0000000000000000</nm:col>
<nm:col nm:cname='THETA4'>0.0000000000000000</nm:col>
<nm:col nm:cname='OMEGA(1,1)'>0.0000000000000000</nm:col>
<nm:col nm:cname='OMEGA(1,2)'>0.0000000000000000</nm:col>
<nm:col nm:cname='OMEGA(1,3)'>0.0000000000000000</nm:col>
<nm:col nm:cname='OMEGA(2,2)'>0.0000000000000000</nm:col>
<nm:col nm:cname='OMEGA(2,3)'>0.0000000000000000</nm:col>
<nm:col nm:cname='OMEGA(3,3)'>0.0000000000000000</nm:col>
</nm:row>
<nm:row nm:rname='SIGMA(1,1)'>
<nm:col nm:cname='THETA1'>0.0000000000000000</nm:col>
<nm:col nm:cname='THETA2'>0.0000000000000000</nm:col>
<nm:col nm:cname='THETA3'>0.0000000000000000</nm:col>
<nm:col nm:cname='THETA4'>0.0000000000000000</nm:col>
<nm:col nm:cname='OMEGA(1,1)'>0.0000000000000000</nm:col>
<nm:col nm:cname='OMEGA(1,2)'>0.0000000000000000</nm:col>
<nm:col nm:cname='OMEGA(1,3)'>0.0000000000000000</nm:col>
<nm:col nm:cname='OMEGA(2,2)'>0.0000000000000000</nm:col>
<nm:col nm:cname='OMEGA(2,3)'>0.0000000000000000</nm:col>
<nm:col nm:cname='OMEGA(3,3)'>0.0000000000000000</nm:col>
<nm:col nm:cname='SIGMA(1,1)'>0.0000000000000000</nm:col>
</nm:row>
</nm:covariance>
<nm:correlation>
<nm:row nm:rname='THETA1'>
<nm:col nm:cname='THETA1'>0.0000000000000000</nm:col>
</nm:row>
<nm:row nm:rname='THETA2'>
<nm:col nm:cname='THETA1'>0.0000000000000000</nm:col>
<nm:col nm:cname='THETA2'>0.0000000000000000</nm:col>
</nm:row>
<nm:row nm:rname='THETA3'>
<nm:col nm:cname='THETA1'>0.0000000000000000</nm:col>
<nm:col nm:cname='THETA2'>0.0000000000000000</nm:col>
<nm:col nm:cname='THETA3'>0.0000000000000000</nm:col>
</nm:row>
<nm:row nm:rname='THETA4'>
<nm:col nm:cname='THETA1'>0.0000000000000000</nm:col>
<nm:col nm:cname='THETA2'>0.0000000000000000</nm:col>
<nm:col nm:cname='THETA3'>0.0000000000000000</nm:col>
<nm:col nm:cname='THETA4'>0.0000000000000000</nm:col>
</nm:row>
<nm:row nm:rname='OMEGA(1,1)'>
<nm:col nm:cname='THETA1'>0.0000000000000000</nm:col>
<nm:col nm:cname='THETA2'>0.0000000000000000</nm:col>
<nm:col nm:cname='THETA3'>0.0000000000000000</nm:col>
<nm:col nm:cname='THETA4'>0.0000000000000000</nm:col>
<nm:col nm:cname='OMEGA(1,1)'>0.0000000000000000</nm:col>
</nm:row>
<nm:row nm:rname='OMEGA(1,2)'>
<nm:col nm:cname='THETA1'>0.0000000000000000</nm:col>
<nm:col nm:cname='THETA2'>0.0000000000000000</nm:col>
<nm:col nm:cname='THETA3'>0.0000000000000000</nm:col>
<nm:col nm:cname='THETA4'>0.0000000000000000</nm:col>
<nm:col nm:cname='OMEGA(1,1)'>0.0000000000000000</nm:col>
<nm:col nm:cname='OMEGA(1,2)'>0.0000000000000000</nm:col>
</nm:row>
<nm:row nm:rname='OMEGA(1,3)'>
<nm:col nm:cname='THETA1'>0.0000000000000000</nm:col>
<nm:col nm:cname='THETA2'>0.0000000000000000</nm:col>
<nm:col nm:cname='THETA3'>0.0000000000000000</nm:col>
<nm:col nm:cname='THETA4'>0.0000000000000000</nm:col>
<nm:col nm:cname='OMEGA(1,1)'>0.0000000000000000</nm:col>
<nm:col nm:cname='OMEGA(1,2)'>0.0000000000000000</nm:col>
<nm:col nm:cname='OMEGA(1,3)'>0.0000000000000000</nm:col>
</nm:row>
<nm:row nm:rname='OMEGA(2,2)'>
<nm:col nm:cname='THETA1'>0.0000000000000000</nm:col>
<nm:col nm:cname='THETA2'>0.0000000000000000</nm:col>
<nm:col nm:cname='THETA3'>0.0000000000000000</nm:col>
<nm:col nm:cname='THETA4'>0.0000000000000000</nm:col>
<nm:col nm:cname='OMEGA(1,1)'>0.0000000000000000</nm:col>
<nm:col nm:cname='OMEGA(1,2)'>0.0000000000000000</nm:col>
<nm:col nm:cname='OMEGA(1,3)'>0.0000000000000000</nm:col>
<nm:col nm:cname='OMEGA(2,2)'>0.0000000000000000</nm:col>
</nm:row>
<nm:row nm:rname='OMEGA(2,3)'>
<nm:col nm:cname='THETA1'>0.0000000000000000</nm:col>
<nm:col nm:cname='THETA2'>0.0000000000000000</nm:col>
<nm:col nm:cname='THETA3'>0.0000000000000000</nm:col>
<nm:col nm:cname='THETA4'>0.0000000000000000</nm:col>
<nm:col nm:cname='OMEGA(1,1)'>0.0000000000000000</nm:col>
<nm:col nm:cname='OMEGA(1,2)'>0.0000000000000000</nm:col>
<nm:col nm:cname='OMEGA(1,3)'>0.0000000000000000</nm:col>
<nm:col nm:cname='OMEGA(2,2)'>0.0000000000000000</nm:col>
<nm:col nm:cname='OMEGA(2,3)'>0.0000000000000000</nm:col>
</nm:row>
<nm:row nm:rname='OMEGA(3,3)'>
<nm:col nm:cname='THETA1'>0.0000000000000000</nm:col>
<nm:col nm:cname='THETA2'>0.0000000000000000</nm:col>
<nm:col nm:cname='THETA3'>0.0000000000000000</nm:col>
<nm:col nm:cname='THETA4'>0.0000000000000000</nm:col>
<nm:col nm:cname='OMEGA(1,1)'>0.0000000000000000</nm:col>
<nm:col nm:cname='OMEGA(1,2)'>0.0000000000000000</nm:col>
<nm:col nm:cname='OMEGA(1,3)'>0.0000000000000000</nm:col>
<nm:col nm:cname='OMEGA(2,2)'>0.0000000000000000</nm:col>
<nm:col nm:cname='OMEGA(2,3)'>0.0000000000000000</nm:col>
<nm:col nm:cname='OMEGA(3,3)'>0.0000000000000000</nm:col>
</nm:row>
<nm:row nm:rname='SIGMA(1,1)'>
<nm:col nm:cname='THETA1'>0.0000000000000000</nm:col>
<nm:col nm:cname='THETA2'>0.0000000000000000</nm:col>
<nm:col nm:cname='THETA3'>0.0000000000000000</nm:col>
<nm:col nm:cname='THETA4'>0.0000000000000000</nm:col>
<nm:col nm:cname='OMEGA(1,1)'>0.0000000000000000</nm:col>
<nm:col nm:cname='OMEGA(1,2)'>0.0000000000000000</nm:col>
<nm:col nm:cname='OMEGA(1,3)'>0.0000000000000000</nm:col>
<nm:col nm:cname='OMEGA(2,2)'>0.0000000000000000</nm:col>
<nm:col nm:cname='OMEGA(2,3)'>0.0000000000000000</nm:col>
<nm:col nm:cname='OMEGA(3,3)'>0.0000000000000000</nm:col>
<nm:col nm:cname='SIGMA(1,1)'>0.0000000000000000</nm:col>
</nm:row>
</nm:correlation>
<nm:invcovariance>
<nm:row nm:rname='THETA1'>
<nm:col nm:cname='THETA1'>0.0000000000000000</nm:col>
</nm:row>
<nm:row nm:rname='THETA2'>
<nm:col nm:cname='THETA1'>0.0000000000000000</nm:col>
<nm:col nm:cname='THETA2'>0.0000000000000000</nm:col>
</nm:row>
<nm:row nm:rname='THETA3'>
<nm:col nm:cname='THETA1'>0.0000000000000000</nm:col>
<nm:col nm:cname='THETA2'>0.0000000000000000</nm:col>
<nm:col nm:cname='THETA3'>0.0000000000000000</nm:col>
</nm:row>
<nm:row nm:rname='THETA4'>
<nm:col nm:cname='THETA1'>0.0000000000000000</nm:col>
<nm:col nm:cname='THETA2'>0.0000000000000000</nm:col>
<nm:col nm:cname='THETA3'>0.0000000000000000</nm:col>
<nm:col nm:cname='THETA4'>0.0000000000000000</nm:col>
</nm:row>
<nm:row nm:rname='OMEGA(1,1)'>
<nm:col nm:cname='THETA1'>0.0000000000000000</nm:col>
<nm:col nm:cname='THETA2'>0.0000000000000000</nm:col>
<nm:col nm:cname='THETA3'>0.0000000000000000</nm:col>
<nm:col nm:cname='THETA4'>0.0000000000000000</nm:col>
<nm:col nm:cname='OMEGA(1,1)'>0.0000000000000000</nm:col>
</nm:row>
<nm:row nm:rname='OMEGA(1,2)'>
<nm:col nm:cname='THETA1'>0.0000000000000000</nm:col>
<nm:col nm:cname='THETA2'>0.0000000000000000</nm:col>
<nm:col nm:cname='THETA3'>0.0000000000000000</nm:col>
<nm:col nm:cname='THETA4'>0.0000000000000000</nm:col>
<nm:col nm:cname='OMEGA(1,1)'>0.0000000000000000</nm:col>
<nm:col nm:cname='OMEGA(1,2)'>0.0000000000000000</nm:col>
</nm:row>
<nm:row nm:rname='OMEGA(1,3)'>
<nm:col nm:cname='THETA1'>0.0000000000000000</nm:col>
<nm:col nm:cname='THETA2'>0.0000000000000000</nm:col>
<nm:col nm:cname='THETA3'>0.0000000000000000</nm:col>
<nm:col nm:cname='THETA4'>0.0000000000000000</nm:col>
<nm:col nm:cname='OMEGA(1,1)'>0.0000000000000000</nm:col>
<nm:col nm:cname='OMEGA(1,2)'>0.0000000000000000</nm:col>
<nm:col nm:cname='OMEGA(1,3)'>0.0000000000000000</nm:col>
</nm:row>
<nm:row nm:rname='OMEGA(2,2)'>
<nm:col nm:cname='THETA1'>0.0000000000000000</nm:col>
<nm:col nm:cname='THETA2'>0.0000000000000000</nm:col>
<nm:col nm:cname='THETA3'>0.0000000000000000</nm:col>
<nm:col nm:cname='THETA4'>0.0000000000000000</nm:col>
<nm:col nm:cname='OMEGA(1,1)'>0.0000000000000000</nm:col>
<nm:col nm:cname='OMEGA(1,2)'>0.0000000000000000</nm:col>
<nm:col nm:cname='OMEGA(1,3)'>0.0000000000000000</nm:col>
<nm:col nm:cname='OMEGA(2,2)'>0.0000000000000000</nm:col>
</nm:row>
<nm:row nm:rname='OMEGA(2,3)'>
<nm:col nm:cname='THETA1'>0.0000000000000000</nm:col>
<nm:col nm:cname='THETA2'>0.0000000000000000</nm:col>
<nm:col nm:cname='THETA3'>0.0000000000000000</nm:col>
<nm:col nm:cname='THETA4'>0.0000000000000000</nm:col>
<nm:col nm:cname='OMEGA(1,1)'>0.0000000000000000</nm:col>
<nm:col nm:cname='OMEGA(1,2)'>0.0000000000000000</nm:col>
<nm:col nm:cname='OMEGA(1,3)'>0.0000000000000000</nm:col>
<nm:col nm:cname='OMEGA(2,2)'>0.0000000000000000</nm:col>
<nm:col nm:cname='OMEGA(2,3)'>0.0000000000000000</nm:col>
</nm:row>
<nm:row nm:rname='OMEGA(3,3)'>
<nm:col nm:cname='THETA1'>0.0000000000000000</nm:col>
<nm:col nm:cname='THETA2'>0.0000000000000000</nm:col>
<nm:col nm:cname='THETA3'>0.0000000000000000</nm:col>
<nm:col nm:cname='THETA4'>0.0000000000000000</nm:col>
<nm:col nm:cname='OMEGA(1,1)'>0.0000000000000000</nm:col>
<nm:col nm:cname='OMEGA(1,2)'>0.0000000000000000</nm:col>
<nm:col nm:cname='OMEGA(1,3)'>0.0000000000000000</nm:col>
<nm:col nm:cname='OMEGA(2,2)'>0.0000000000000000</nm:col>
<nm:col nm:cname='OMEGA(2,3)'>0.0000000000000000</nm:col>
<nm:col nm:cname='OMEGA(3,3)'>0.0000000000000000</nm:col>
</nm:row>
<nm:row nm:rname='SIGMA(1,1)'>
<nm:col nm:cname='THETA1'>0.0000000000000000</nm:col>
<nm:col nm:cname='THETA2'>0.0000000000000000</nm:col>
<nm:col nm:cname='THETA3'>0.0000000000000000</nm:col>
<nm:col nm:cname='THETA4'>0.0000000000000000</nm:col>
<nm:col nm:cname='OMEGA(1,1)'>0.0000000000000000</nm:col>
<nm:col nm:cname='OMEGA(1,2)'>0.0000000000000000</nm:col>
<nm:col nm:cname='OMEGA(1,3)'>0.0000000000000000</nm:col>
<nm:col nm:cname='OMEGA(2,2)'>0.0000000000000000</nm:col>
<nm:col nm:cname='OMEGA(2,3)'>0.0000000000000000</nm:col>
<nm:col nm:cname='OMEGA(3,3)'>0.0000000000000000</nm:col>
<nm:col nm:cname='SIGMA(1,1)'>0.0000000000000000</nm:col>
</nm:row>
</nm:invcovariance>
</nm:estimation>
<nm:post_process_times>
<nm:post_elapsed_time>0.20</nm:post_elapsed_time>
<nm:finaloutput_elapsed_time>0.73</nm:finaloutput_elapsed_time>
</nm:post_process_times>
</nm:problem>
</nm:nonmem>
<nm:stop_datetime>2021-06-02T10:29:42.188</nm:stop_datetime>
<nm:total_cputime>1.516</nm:total_cputime>
</nm:output>
